origin,rank
https://xxxhindi.to,1000
https://kuttymovies.com.ua,1000
https://web.facebook.com,1000
https://play.contents.plus-msg.auone.jp,1000
https://yatv.pro,1000
https://www.sarkariresult.com,1000
https://es.m.wikipedia.org,1000
https://nypost.com,1000
https://letterboxd.com,1000
https://www.1024tera.com,1000
https://www.ynet.co.il,1000
https://baseball.yahoo.co.jp,1000
https://www.digikala.com,1000
https://kakuyomu.jp,1000
https://www.moneycontrol.com,1000
https://www.indeed.com,1000
https://www.5movierulz.black,1000
https://www.biblegateway.com,1000
https://www.tamildhool.net,1000
https://www.yahoo.com,1000
https://www.newsweek.com,1000
https://www.storysaver.net,1000
https://geo.ibomma.nexus,1000
https://m.7games.bet,1000
https://my.porno365.pics,1000
https://www.vg.no,1000
https://www.dmm.co.jp,1000
https://www.69shuba.pro,1000
https://www.xnxx2.com,1000
https://www.tokopedia.com,1000
https://www.mangago.me,1000
https://produto.mercadolivre.com.br,1000
https://www.google.com,1000
https://de.pornhub.com,1000
https://www2.hm.com,1000
https://www.jutarnji.hr,1000
https://www.chordtela.com,1000
https://www.tokyomotion.net,1000
https://www.paypal.com,1000
https://amp.xvideos.com,1000
https://www.ilovepdf.com,1000
https://shopee.com.br,1000
https://www.afreecatv.com,1000
https://ge.xhamster.desi,1000
https://www.amazon.ca,1000
https://www.lefigaro.fr,1000
https://auth0.openai.com,1000
https://dpbossss.services,1000
https://m.search.naver.com,1000
https://www.sportskeeda.com,1000
https://www.rokna.net,1000
https://www.zalando.de,1000
https://www.netshoes.com.br,1000
https://www.amazon.com.mx,1000
https://m.fabswingers.com,1000
https://es.wikipedia.org,1000
https://search.yahoo.co.jp,1000
https://www.xvideos005.com,1000
https://game.granbluefantasy.jp,1000
https://sexelarab.com,1000
https://www.eporner.com,1000
https://calendar.google.com,1000
https://www.curseforge.com,1000
https://m.sports.naver.com,1000
https://www.erome.com,1000
http://rx.sp.mbga.jp,1000
https://beauty.hotpepper.jp,1000
https://www.annunci69.it,1000
https://wordwall.net,1000
https://www.mediafire.com,1000
https://www.flipkart.com,1000
https://ge.globo.com,1000
https://xhtab4.com,1000
https://battwo.com,1000
https://escortalligator.com.listcrawler.eu,1000
https://www.cnnbrasil.com.br,1000
https://translate.google.com,1000
https://danbooru.donmai.us,1000
https://www.repubblica.it,1000
https://hi.xhamster.desi,1000
https://www.livescore.com,1000
https://login.yahoo.com,1000
https://www.coco.gg,1000
https://www.novinky.cz,1000
https://91club06.com,1000
https://www.jiocinema.com,1000
https://novel18.syosetu.com,1000
https://www.accuweather.com,1000
https://www.pussyspace.com,1000
https://gelbooru.com,1000
https://www.sport.es,1000
https://member.rakuten-sec.co.jp,1000
https://rajwap.cc,1000
https://www.pixiv.net,1000
https://nos.nl,1000
https://www.flashscore.fr,1000
https://top.ibomma.nexus,1000
https://www.ndtv.com,1000
https://pet.gree-apps.net,1000
https://gama.ir,1000
https://www.naukri.com,1000
https://iporntv.net,1000
https://articulo.mercadolibre.com.ar,1000
https://finance.naver.com,1000
https://www.pornid.name,1000
https://www.ad.nl,1000
https://www.wannonce.com,1000
https://www.jra.go.jp,1000
https://character.ai,1000
https://hitomi.la,1000
https://www.dailymail.co.uk,1000
https://manatoki338.net,1000
https://www.youjizz.com,1000
https://x.com,1000
https://diziwatch.net,1000
https://turbo.az,1000
https://bdvenlinea.banvenez.com,1000
https://quantumnewshive.com,1000
https://br.search.yahoo.com,1000
https://www.tripadvisor.com,1000
https://www.clarin.com,1000
https://imgsrc.ru,1000
https://animesuge.to,1000
https://www.metropoles.com,1000
https://www.staseraintv.com,1000
https://shahvani.com,1000
https://synergia.librus.pl,1000
https://cookpad.com,1000
https://d08l9a634.com,1000
https://m.ok.ru,1000
https://m.olx.pl,1000
https://play.blooket.com,1000
https://www.diretta.it,1000
https://www.speedtest.net,1000
https://auth.uber.com,1000
https://www.khabaronline.ir,1000
https://www.discogs.com,1000
https://keepxh.life,1000
https://secure.bankofamerica.com,1000
https://xosodaiphat.com,1000
https://support.microsoft.com,1000
https://www.sugotoku.docomo.ne.jp,1000
https://gendai.media,1000
https://www.cnbcindonesia.com,1000
https://www.naver.com,1000
https://www.chess.com,1000
https://onlyindianx.cc,1000
https://manhwaclan.com,1000
https://chromewebstore.google.com,1000
https://kompoz2.com,1000
https://www.boatrace.jp,1000
https://komikindo.tv,1000
https://es.scribd.com,1000
https://www.jw.org,1000
https://kkstories.com,1000
https://store.steampowered.com,1000
https://ja.m.wikipedia.org,1000
https://noutore.enjoy.point.auone.jp,1000
https://fapello.com,1000
https://t.me,1000
https://m.happymh.com,1000
https://arca.live,1000
https://www.forbes.com,1000
https://www.mundodeportivo.com,1000
https://fantia.jp,1000
https://www.desitelugusex.com,1000
https://xhamster1.desi,1000
https://www.youporn.com,1000
https://www.mynet.com,1000
https://khoahoc.vietjack.com,1000
https://drive.google.com,1000
https://yako.net,1000
https://tubidy.cool,1000
https://www.txvhh.com,1000
https://www.shahrekhabar.com,1000
https://poki.com,1000
https://www.flashscore.com,1000
https://www.bestbuy.com,1000
https://ita.xhamster.com,1000
https://s.dto.jp,1000
https://xn--l3cg7a8a0cwa3f.com,1000
https://www.sanook.com,1000
https://lotterysambadresult.in,1000
https://mangalib.me,1000
https://fr.xhamster.com,1000
https://mnregaweb4.nic.in,1000
https://www.carsensor.net,1000
https://www.mercadolivre.com.br,1000
https://alarbda.com,1000
https://www.bilibili.com,1000
https://s.mogg.ameba.jp,1000
https://www.t-online.de,1000
https://m.hollywoodbets.net,1000
https://www.udemy.com,1000
https://poczta.wp.pl,1000
https://www.zearn.org,1000
https://www.twitch.tv,1000
https://www.google.pl,1000
https://tw.stock.yahoo.com,1000
https://www.amazon.com.br,1000
https://zozo.jp,1000
https://linktr.ee,1000
https://www.eltiempo.es,1000
https://m.autoplius.lt,1000
https://shinigami.ws,1000
https://www.studocu.com,1000
https://portal.auone.jp,1000
https://zoom.us,1000
https://syosetu.org,1000
https://lectormanga.lat,1000
https://www.cricbuzz.com,1000
https://www.njuskalo.hr,1000
https://telegram.org,1000
https://www.inven.co.kr,1000
https://lichess.org,1000
https://weather.com,1000
https://sp.jra.jp,1000
https://drive.usercontent.google.com,1000
https://togetter.com,1000
https://www.leroymerlin.fr,1000
https://in.bookmyshow.com,1000
https://m.ppomppu.co.kr,1000
https://www.google.it,1000
https://en.wikipedia.org,1000
https://visortmo.com,1000
https://www.extra.cz,1000
https://boards.4chan.org,1000
https://www.sinsay.com,1000
https://www.gov.uk,1000
https://www.fmkorea.com,1000
https://www.mercadolibre.com.mx,1000
https://app2dn.fextok.com,1000
https://topics.smt.docomo.ne.jp,1000
https://www.keralalotterytoday.com,1000
https://myaccount.google.com,1000
https://www.ncbi.nlm.nih.gov,1000
https://schools.emaktab.uz,1000
https://glife.bingoplus.com,1000
https://simpcity.su,1000
https://ameblo.jp,1000
https://unifiedportal-mem.epfindia.gov.in,1000
https://www.buienradar.nl,1000
https://www.ikea.com,1000
https://www.3bmeteo.com,1000
https://web.whatsapp.com,1000
https://tenki.jp,1000
https://www.coolmathgames.com,1000
https://www.hurriyet.com.tr,1000
https://www.dlsite.com,1000
https://www.sexvid.xxx,1000
https://www.tiktok.com,1000
https://www.screener.in,1000
https://free.facebook.com,1000
https://www.serviporno.com,1000
https://www.otto.de,1000
https://www.hln.be,1000
https://www.pornpics.com,1000
https://discord.com,1000
https://www.24h.com.vn,1000
https://ncode.syosetu.com,1000
https://sites.google.com,1000
https://hianime.to,1000
https://www.amazon.co.uk,1000
https://sex-studentki.ws,1000
https://m.inven.co.kr,1000
https://br.pinterest.com,1000
https://bbs.animanch.com,1000
https://accounts.spotify.com,1000
https://www.shutterstock.com,1000
https://suumo.jp,1000
https://m.tabor.ru,1000
https://www.kleinanzeigen.de,1000
https://wto.to,1000
https://www.nitrotype.com,1000
https://nz.ua,1000
https://jut.su,1000
https://m.beboo.ru,1000
https://www.index.hr,1000
https://www.mobile.de,1000
https://search.naver.com,1000
https://www.espn.com,1000
https://sede.agenciatributaria.gob.es,1000
https://search.yahoo.com,1000
http://blog.livedoor.jp,1000
https://betnacional.com,1000
https://docs.google.com,1000
https://sso.acesso.gov.br,1000
https://www.rezultati.com,1000
https://tv5.simontokx.online,1000
https://litnet.com,1000
https://tv40.wiki,1000
https://mail.ru,1000
https://www.pornhub.com,1000
https://nl.pornhub.com,1000
https://dewafilm.xyz,1000
https://www.marca.com,1000
https://www.filmyfly.rsvp,1000
https://www.xvideos.es,1000
https://www.tuazar.com,1000
https://m.cafe.daum.net,1000
https://mail.yahoo.com,1000
https://e-okul.meb.gov.tr,1000
https://www.adobe.com,1000
https://www.uol.com.br,1000
https://www.action.com,1000
https://www.amazon.de,1000
https://www.asos.com,1000
https://dmarket.docomo.ne.jp,1000
https://www.google.co.uk,1000
https://thisvid.com,1000
https://www.apornvideo.com,1000
https://bbs.ruliweb.com,1000
https://www.emag.ro,1000
https://www.youtube.com,1000
https://myreadingmanga.info,1000
https://ru.sex-studentki.ws,1000
https://funnyjunk.com,1000
https://www.watchmovierulz.pm,1000
http://nouen.sp.mbga.jp,1000
https://www.cityheaven.net,1000
https://www.canva.com,1000
https://www.agoda.com,1000
https://people.com,1000
https://www.amarujala.com,1000
https://mail.google.com,1000
https://www.ebay.co.uk,1000
https://ru.xhamster.com,1000
https://www.terabox.app,1000
https://www.shiksha.com,1000
https://www.goojara.to,1000
https://pt.pornhub.com,1000
https://82xnxx.com,1000
https://id.seexh.com,1000
https://m.fmkorea.com,1000
https://www.ilmeteo.it,1000
https://ssstik.io,1000
https://m.hqporner.com,1000
https://funpay.com,1000
https://www.bbc.co.uk,1000
https://race.sp.netkeiba.com,1000
https://www.baidu.com,1000
https://www.ancestry.com,1000
https://ficbook.net,1000
https://www.mathplayground.com,1000
https://www.ajio.com,1000
https://sex.lenlut.tv,1000
https://sports.sportingbet.com,1000
https://sellercentral.amazon.com,1000
https://www.nike.com,1000
https://m.ruliweb.com,1000
https://www.flashscore.pl,1000
https://bollyflix.cat,1000
https://www.furaffinity.net,1000
https://m.haber7.com,1000
https://www.amazon.fr,1000
https://gemini.google.com,1000
https://www.google.de,1000
https://www.flashscore.com.br,1000
https://cn.pornhub.com,1000
https://www.colaboraread.com.br,1000
https://www.nettruyenvv.com,1000
https://www.amazon.it,1000
https://outlook.live.com,1000
https://www.ixxx.com,1000
https://www.123-hd.com,1000
https://www.fuq.com,1000
https://www.google.es,1000
https://vegamovies.yt,1000
https://xoso.mobi,1000
https://m.fanfiction.net,1000
https://www.ecosia.org,1000
https://www.porn300.com,1000
https://www.samsung.com,1000
https://www.iltalehti.fi,1000
https://www.letras.mus.br,1000
https://rezka.ag,1000
https://e621.net,1000
https://www.futbin.com,1000
https://www.midilibre.fr,1000
https://www.trendyol.com,1000
https://id.spankbang.com,1000
https://amp.xhamster.desi,1000
https://quizlet.com,1000
https://account.samsung.com,1000
https://pubmed.ncbi.nlm.nih.gov,1000
https://mangabuddy.com,1000
https://www.kurir.rs,1000
https://hot-sex-tube.com,1000
https://bato.to,1000
https://www.dafont.com,1000
https://znanija.com,1000
https://detail.chiebukuro.yahoo.co.jp,1000
https://m.scan-manga.com,1000
https://www.betway.co.za,1000
https://vnexpress.net,1000
https://www.jalan.net,1000
https://m.sexemodel.com,1000
https://spankbang.party,1000
https://news.infoseek.co.jp,1000
https://game.hiroba.dpoint.docomo.ne.jp,1000
https://www.nu.nl,1000
https://context.reverso.net,1000
https://www.etsy.com,1000
https://9animetv.to,1000
https://www.zillow.com,1000
https://manhuatop.org,1000
https://www.cmoa.jp,1000
https://satta-king-fixed-no.in,1000
https://m.gsmarena.com,1000
https://www.fanpage.it,1000
https://cricbet99.club,1000
https://mechacomic.jp,1000
https://client--gws-wiz-serp22-v1ddlcxru01-ioin.a-0.xyz,1000
https://business.google.com,1000
https://newtoki337.com,1000
https://www.pinterest.com,1000
https://pikabu.ru,1000
https://allegro.pl,1000
https://aternos.org,1000
https://www.terra.com.br,1000
https://cz.pornhub.com,1000
https://jp.spankbang.com,1000
https://sports.yahoo.co.jp,1000
https://bakusai.com,1000
https://www.indianbfvideos.com,1000
https://byjus.com,1000
https://m.999.md,1000
https://www.olx.com.br,1000
https://www.kohls.com,1000
https://xxxsexjav.com,1000
https://yako.red,1000
https://www.gov.br,1000
https://studio.youtube.com,1000
https://cardgames.io,1000
https://www.turkiye.gov.tr,1000
https://s.tabelog.com,1000
https://www.varzesh3.com,1000
https://www.filmyzilla.com.nf,1000
https://www.walmart.com,1000
https://www.bpexch.com,1000
https://www.conectate.com.do,1000
https://login.caixa.gov.br,1000
https://m.chaturbate.com,1000
https://www.thscore.mobi,1000
https://onedrive.live.com,1000
http://xxx18hot.com,1000
https://www.interia.pl,1000
https://enabiz.gov.tr,1000
https://wapbold.net,1000
https://spankbang.com,1000
https://g.laroza.net,1000
https://persona.patria.org.ve,1000
https://www.sport24.gr,1000
https://search.rakuten.co.jp,1000
https://www.google.ca,1000
https://uucms.karnataka.gov.in,1000
https://hindi.news18.com,1000
https://w27.my-cima.net,1000
https://timesofindia.indiatimes.com,1000
https://like-manga.net,1000
https://www.amazon.in,1000
https://www.homedepot.com,1000
https://www.prokerala.com,1000
https://finance.yahoo.com,1000
https://www.absher.sa,1000
https://www.xpaja.net,1000
https://www.merriam-webster.com,1000
https://www.avto.net,1000
https://cursos.alura.com.br,1000
https://v.daum.net,1000
https://hi.xhamster42.desi,1000
https://www.fannovels.org,1000
https://mpokec.azet.sk,1000
https://www.sotwe.com,1000
https://music-fa.com,1000
https://rule34video.com,1000
https://www.msn.com,1000
https://articulo.mercadolibre.com.mx,1000
https://harimanga.com,1000
https://www.croxyproxy.com,1000
https://pt.m.wikipedia.org,1000
https://www.jusbrasil.com.br,1000
https://br.betano.com,1000
https://www.bt.dk,1000
https://ge.xhamster.com,1000
https://isaidub8.com,1000
https://www.globo.com,1000
https://onlar.az,1000
https://www.sports.kz,1000
https://anoboy.baby,1000
https://vlxx.mobi,1000
https://www.kamababa.desi,1000
https://wiadomosci.onet.pl,1000
https://web.spaggiari.eu,1000
https://www.patreon.com,1000
https://www.instagram.com,1000
https://apps.facebook.com,1000
https://ko.xhamster2.com,1000
https://pg.access-33.com,1000
https://www.ilmessaggero.it,1000
https://trilltrill.jp,1000
https://m.facebook.com,1000
https://chance.enjoy.point.auone.jp,1000
https://hdhub4u.nexus,1000
https://www.foxnews.com,1000
https://www.txnhh.com,1000
https://ja.wikipedia.org,1000
https://fast.com,1000
https://g1.globo.com,1000
https://game8.jp,1000
https://www.xvideos91.com,1000
https://pl.escort.club,1000
https://www.reddit.com,1000
https://www.aliexpress.com,1000
https://gall.dcinside.com,1000
https://www.hentai.name,1000
https://m.magazineluiza.com.br,1000
https://www.dogdrip.net,1000
https://www.goodreads.com,1000
https://www.spotify.com,1000
https://www.yahoo.co.jp,1000
https://www.justdial.com,1000
https://yts.mx,1000
https://www.cnn.com,1000
https://mangatoto.com,1000
https://bot.solesbot.ai,1000
https://open.spotify.com,1000
https://betproexch.com,1000
https://auctions.yahoo.co.jp,1000
https://www.ouest-france.fr,1000
https://ads.google.com,1000
https://www.news.com.au,1000
https://www.google.com.hk,1000
https://it.m.wikipedia.org,1000
https://www.xbanxia.com,1000
https://www.hops.id,1000
https://www.boyfriendtv.com,1000
https://transit.yahoo.co.jp,1000
https://services.gst.gov.in,1000
https://de.m.wikipedia.org,1000
https://www.subito.it,1000
https://www.lxtgame.com,1000
https://fr.pornhub.com,1000
https://stackoverflow.com,1000
https://www.roblox.com,1000
https://www.xvideos3.com,1000
https://manga168.com,1000
https://brainly.in,1000
https://www.starfall.com,1000
https://www.aznude.com,1000
https://www.onet.pl,1000
https://www.slideshare.net,1000
https://www.hltv.org,1000
https://client.schwab.com,1000
https://www.gazzetta.it,1000
https://www.google.com.mx,1000
https://nettruyencc.com,1000
https://dachicky.com,1000
https://www.macys.com,1000
https://tktube.com,1000
https://www.blic.rs,1000
https://www.goal.com,1000
https://sportowefakty.wp.pl,1000
https://xnxxsex.net,1000
https://www.ooppgame.com,1000
https://www.realtor.com,1000
https://www.amazon.co.jp,1000
https://esaj.tjsp.jus.br,1000
https://www.primevideo.com,1000
https://www.hindustantimes.com,1000
https://snapinsta.app,1000
https://bokepindoh.life,1000
https://www.skroutz.gr,1000
https://m.humoruniv.com,1000
https://hanime1.me,1000
https://av19.gg,1000
https://ya.ru,1000
https://www.google.co.jp,1000
https://ifilo.net,1000
https://mangabuff.ru,1000
https://service.smt.docomo.ne.jp,1000
https://skipthegames.com,1000
https://kemono.su,1000
https://www.ozon.ru,1000
https://www.booking.com,1000
https://auto.drom.ru,1000
https://www.theguardian.com,1000
https://www.eenadu.net,1000
https://www.remove.bg,1000
https://www.otomoto.pl,1000
https://missav.com,1000
https://www.kidsa-z.com,1000
https://www.redtube.com,1000
https://m.kooora.com,1000
https://xhamster42.desi,1000
https://www.wowhead.com,1000
https://wimt.confirmtkt.com,1000
https://steamcommunity.com,1000
https://www.ebay.com,1000
https://pixabay.com,1000
https://www.xvideos2.com,1000
https://fr.m.wikipedia.org,1000
https://m.bild.de,1000
https://xvideosporno.blog.br,1000
https://noodlemagazine.com,1000
https://truyenfull.vn,1000
https://stake.com,1000
https://www.nytimes.com,1000
https://www.imdb.com,1000
https://kuji.dmarket.docomo.ne.jp,1000
https://m.naver.com,1000
https://actu.fr,1000
https://brainly.com.br,1000
https://sp.pf.mbga.jp,1000
https://play.google.com,1000
https://www.bol.com,1000
https://czbooks.net,1000
https://tuoitre.vn,1000
https://fetlife.com,1000
https://www.deviantart.com,1000
https://www.minecraft.net,1000
https://news.goo.ne.jp,1000
https://onlyfans.com,1000
https://ua.sinoptik.ua,1000
https://id.xhamster.com,1000
https://tools.usps.com,1000
https://es.xhamster.com,1000
https://wl1.peachavocado.com,1000
https://de.pornhub.org,1000
https://es.pornhub.com,1000
https://emaktab.uz,1000
https://m.fabguys.com,1000
https://asuratoon.com,1000
https://www.temu.com,1000
https://xnxx.com.se,1000
https://www.creditkarma.com,1000
https://www.hdtube.porn,1000
https://www.avito.ru,1000
https://spboss.in,1000
https://www.telegraaf.nl,1000
https://www.facebook.com,1000
https://m.pantip.com,1000
https://www.leparisien.fr,1000
https://id.m.wikipedia.org,1000
https://novelbin.englishnovel.net,1000
https://pl.m.wikipedia.org,1000
https://evexxx.com,1000
https://www.wnacg.com,1000
https://news.livedoor.com,1000
https://glife.arenaplus.net,1000
https://xhamster2.com,1000
https://www.mlb.com,1000
https://tw.yahoo.com,1000
https://www.disneyplus.com,1000
https://chaturbate.com,1000
https://sattasport.in,1000
https://www.google.fr,1000
https://salonboard.com,1000
https://www.ptt.cc,1000
https://tsn.ua,1000
https://www.publi24.ro,1000
https://nregastrep.nic.in,1000
https://accounts.google.com,1000
https://sattamatkano1.me,1000
https://www.1mg.com,1000
https://www.leboncoin.fr,1000
https://imhentai.xxx,1000
https://gamewith.jp,1000
https://www.bilibili.tv,1000
https://launchpad.classlink.com,1000
https://homepage.vivo.com,1000
https://zbporn.tv,1000
https://dvprogram.state.gov,1000
https://zh.m.wikipedia.org,1000
https://link.coupang.com,1000
https://www.finn.no,1000
https://www.myntra.com,1000
https://www.lemonde.fr,1000
https://www.redfin.com,1000
https://duckduckgo.com,1000
https://www.healthline.com,1000
https://m.ss.com,1000
https://finance.yahoo.co.jp,1000
https://www.aparat.com,1000
https://www.tjk.org,1000
https://www.toppr.com,1000
https://www.w3schools.com,1000
https://www.arbada.com,1000
https://www.sciencedirect.com,1000
https://www.messenger.com,1000
https://www.dailymotion.com,1000
https://udn.com,1000
https://www.haberler.com,1000
https://550909.com,1000
https://brainly.co.id,1000
https://poop.com.co,1000
https://piccoma.com,1000
https://www.cardmarket.com,1000
https://www.superporn.com,1000
https://id.scribd.com,1000
https://video.hnext.jp,1000
https://sxyprn.com,1000
https://www.elmundo.es,1000
https://xhwide4.com,1000
https://satta-king-fast.com,1000
https://www.ninisite.com,1000
https://www.amazon.com.tr,1000
https://www.dagbladet.no,1000
https://e-hentai.org,1000
https://apkpure.com,1000
https://xoso.com.vn,1000
https://www.costco.com,1000
https://www.ryanair.com,1000
https://www.n-tv.de,1000
https://rule34.xxx,1000
https://www.52shuku.vip,1000
https://in3x.net,1000
https://tr.m.wikipedia.org,1000
https://n.news.naver.com,1000
https://www.hdhindisex.com,1000
https://m.tribunnews.com,1000
https://scholar.google.com,1000
https://www.pornhub.org,1000
https://myapps.classlink.com,1000
https://grapee.jp,1000
https://mobile-tracker-free.com,1000
https://schools.madrasati.sa,1000
https://www.protothema.gr,1000
https://www.alldesiporn.com,1000
https://girlschannel.net,1000
https://www.ebay.de,1000
https://m.avito.ru,1000
https://xxxbfvideos.to,1000
https://www.corriere.it,1000
https://vk.com,1000
https://psiphon.news,1000
https://la.spankbang.com,1000
https://xxxvideo.link,1000
https://tvn24.pl,1000
https://www.bbc.com,1000
https://www.seznam.cz,1000
https://www.daily.co.jp,1000
https://retail.onlinesbi.sbi,1000
https://okxxx2.com,1000
https://meet.google.com,1000
https://cashier.hkdintl.com,1000
https://www.wetter.com,1000
https://www.scribd.com,1000
https://olxbangkok.com,1000
https://www.20minutos.es,1000
https://www.tgju.org,1000
https://wl5.peachavocado.com,1000
https://www.amazon.com,1000
https://www.fiverr.com,1000
https://mlbpark.donga.com,1000
https://uranai.nosv.org,1000
https://sexalarab.com,1000
https://select.mamastar.jp,1000
https://heylink.me,1000
https://www.bet365.com,1000
https://my.medu.ir,1000
https://www.xvideos.com,1000
https://xnxx.health,1000
https://pl.pornhub.com,1000
https://www.programme-tv.net,1000
https://tw.news.yahoo.com,1000
https://www.lanacion.com.ar,1000
https://dzen.ru,1000
https://www.betika.com,1000
https://escortbabylon.net,1000
https://fa.m.wikipedia.org,1000
https://schools.kundelik.kz,1000
https://www.sozcu.com.tr,1000
https://www.tvonenews.com,1000
https://www.filmyfly.day,1000
https://photos.google.com,1000
https://tamilyogi.beer,1000
https://movie.eroterest.net,1000
https://m.vk.com,1000
https://divar.ir,1000
https://www.casinoplus.com.ph,1000
https://www.xnxx.com,1000
https://doublelist.com,1000
https://jable.tv,1000
https://www.target.com,1000
https://a24.app.gree-pf.net,1000
https://freeip.me,1000
https://archiveofourown.org,1000
https://www.carwale.com,1000
https://mat6tube.com,1000
https://medium.com,1000
https://motherless.com,1000
https://www.namasha.com,1000
https://page.auctions.yahoo.co.jp,1000
https://www.marktplaats.nl,1000
https://www.apple.com,1000
https://portal.librus.pl,1000
https://www.elnacional.cat,1000
https://it.pornhub.com,1000
https://m.site777.jp,1000
https://snaptik.app,1000
https://d0000d.com,1000
https://www.hibiny.ru,1000
https://exhentai.org,1000
https://aniwatchtv.to,1000
https://en.luxuretv.com,1000
https://www.microsoft.com,1000
https://www.ebay.it,1000
https://www.rightmove.co.uk,1000
https://www.qorno.com,1000
https://www.marmiton.org,1000
https://v22-ispdy5ersd-ai-verify--gcs.g-xyz.xyz,1000
https://news.yahoo.co.jp,1000
https://www.nesine.com,1000
https://ru.m.wikipedia.org,1000
https://xbato.com,1000
https://www.idealista.it,1000
https://newtoki338.com,1000
https://wl4.peachavocado.com,1000
https://yandex.com,1000
https://liv.ibomma.nexus,1000
https://porno18.site,1000
https://support.google.com,1000
https://fr.xvideos.com,1000
https://toyhou.se,1000
https://www.linkedin.com,1000
https://myactivity.google.com,1000
https://www.derwesten.de,1000
https://www.express.co.uk,1000
https://m.dcinside.com,1000
https://www.xvideos51.com,1000
https://sp.oddspark.com,1000
https://m.imdb.com,1000
https://m.ne9cs.com,1000
https://olimpbet.kz,1000
https://dantri.com.vn,1000
https://www.excellenth5game.com,1000
https://app.hubspot.com,1000
https://www.cronista.com,1000
https://forum.gamer.com.tw,1000
https://goal.co,1000
https://genius.com,1000
https://old.reddit.com,1000
https://www.pussyboy.net,1000
https://an1.com,1000
https://www.wp.pl,1000
https://news.google.com,1000
https://m.skelbiu.lt,1000
https://screenrant.com,1000
https://hiroba.dpoint.docomo.ne.jp,1000
https://elpais.com,1000
https://www.nexusmods.com,1000
https://www.google.com.br,1000
https://www.merkur.de,1000
https://in.search.yahoo.com,1000
https://www.ojogodobicho.com,1000
https://tv1.lk21official.mom,1000
https://namu.wiki,1000
https://www.idealista.com,1000
https://m.esportesdasorte.com,1000
https://www.sportybet.com,1000
https://happymod.com,1000
https://wl2.peachavocado.com,1000
https://olxjamin.com,1000
https://wiadomosci.wp.pl,1000
https://sexalarbda.com,1000
https://www.imagefap.com,1000
https://www.mayoclinic.org,1000
https://ww1.goojara.to,1000
https://clever.com,1000
https://www.livehindustan.com,1000
https://www.cdiscount.com,1000
https://classroom.google.com,1000
https://coinmarketcap.com,1000
https://pl.xhamster.com,1000
https://www.milliyet.com.tr,1000
https://ndtv.in,1000
https://www.makemytrip.com,1000
https://vegamovies.vg,1000
https://www.xnxx.tv,1000
https://uidai.gov.in,1000
https://www.amazon.es,1000
https://faphouse.com,1000
https://www.upwork.com,1000
https://jp.pornhub.com,1000
https://www.mediaexpert.pl,1000
https://www.bfmtv.com,1000
https://rt.pornhub.com,1000
https://mob.24xxx-x.com,1000
https://xnxxcom.xyz,1000
https://thisav.com,1000
https://ar.m.wikipedia.org,1000
https://xhamster.desi,1000
https://www.rexporn.sex,1000
https://altibbi.com,1000
https://www.mp4moviez.legal,1000
https://www.promiedos.com.ar,1000
https://91club.club,1000
https://nhentai.net,1000
https://www.xnxx3.com,1000
https://www.wildberries.ru,1000
https://m.cricbuzz.com,1000
https://www.lowes.com,1000
https://www.researchgate.net,1000
https://chatgpt.com,1000
https://scratch.mit.edu,1000
https://aniwave.to,1000
https://newtoki339.com,1000
https://www.credit-agricole.fr,1000
https://www.whatsapp.com,1000
https://faq.whatsapp.com,1000
https://www.clip2vip.com,1000
https://doujindesu.tv,1000
https://www.espncricinfo.com,1000
https://ekstrabladet.dk,1000
https://cfspart.impots.gouv.fr,1000
https://www.geny.com,1000
https://readmanga.live,1000
https://www.bing.com,1000
https://coomer.su,1000
https://m.shein.com,1000
https://supjav.com,1000
https://es.aliexpress.com,1000
https://1moviesda.com,1000
https://www.buzzfeed.com,1000
https://www.dzexams.com,1000
https://m.youtube.com,1000
https://hochi.news,1000
https://me.porno666.link,1000
https://kolkataff.in,1000
https://www.abozeb.com,1000
https://m.yahoo.co.jp,1000
https://br.skokka.com,1000
https://remaker.ai,1000
https://www.livescore.in,1000
https://www.quora.com,1000
https://archive.org,1000
https://item.rakuten.co.jp,1000
https://in.pinterest.com,1000
https://www.pornhat.one,1000
https://kunmanga.com,1000
https://www.nikkansports.com,1000
https://ijavhd.com,1000
https://bebesong.com,1000
https://www.gismeteo.ru,1000
https://www.mercadolibre.com.ar,1000
https://www.netflix.com,1000
https://mahresult.nic.in,1000
https://www.rat.xxx,1000
https://www.idnes.cz,1000
https://www.joyclub.de,1000
https://www.google.co.in,1000
https://www.google.com.tr,1000
https://as.com,1000
https://www.sexvid.pro,1000
https://twitter.com,1000
https://ecnavi.jp,1000
https://theqoo.net,1000
https://www.emulatorgames.net,1000
https://www.aajtak.in,1000
https://one.google.com,1000
https://www.freepik.com,1000
https://tmohentai.com,1000
https://www.wattpad.com,1000
https://funinexchange.com,1000
https://passbook.epfindia.gov.in,1000
https://www.ladepeche.fr,1000
https://www.universal-credit.service.gov.uk,1000
https://giris.turkiye.gov.tr,1000
https://tukif.com,1000
https://www.ups.com,1000
https://www.ichancy.com,1000
https://fatalmodel.com,1000
https://member.sss.gov.ph,1000
https://www.ixl.com,1000
https://truyenqqviet.com,1000
https://mangaschan.net,1000
https://www.francetvinfo.fr,1000
https://www.abplive.com,1000
https://direct.lc.chat,1000
https://gimy.ai,1000
https://m.indiamart.com,1000
https://smt.docomo.ne.jp,1000
https://tnresults.nic.in,1000
https://quizizz.com,1000
https://lms.lausd.net,1000
https://wol.jw.org,1000
https://www.nairaland.com,1000
https://email.seznam.cz,1000
https://github.com,1000
https://www.bakecaincontrii.com,1000
https://br.xhamster.com,1000
https://www.argos.co.uk,1000
https://bpexch.com,1000
https://www.sahibinden.com,1000
https://my.xhtab4.com,1000
https://www.infobae.com,1000
https://business.facebook.com,1000
https://yatv.red,1000
https://return.gst.gov.in,1000
